"radio_id","escuela_id","tiempo_min"
"1","1",133.8
"1","2",133.8
"1","3",134.9
"1","4",134.9
"1","5",134.9
"1","6",147.9
"1","7",147.9
"1","8",147.9
"1","9",147.9
"1","10",147.9
"1","11",147.9
"1","12",147.9
"1","13",147.9
"1","14",146.9
"1","15",146.9
"1","16",146.9
"1","17",7.6
"1","18",7.6
"1","19",7.6
"1","20",11.6
"1","21",11.6
"1","22",4
"1","23",17.7
"1","24",17.7
"1","25",17.7
"1","26",17.7
"1","27",2.7
"1","28",8
"1","29",6.6
"1","30",6.6
"1","31",235
"1","32",6.9
"1","33",6.9
"1","34",15.2
"1","35",7.9
"1","36",148
"1","37",225.3
"1","38",148.2
"1","39",148.2
"1","40",238.8
"1","41",226.5
"1","42",8.4
"1","43",7
"1","44",237.2
"1","45",11.6
"1","46",9.1
"1","47",228.2
"1","48",7.4
"1","49",7.4
"1","50",7.4
"1","51",14.7
"1","52",14.7
"1","53",232.5
"1","54",240.9
"1","55",240.9
"1","56",240.9
"1","57",240.9
"1","58",240.9
"1","59",240.9
"1","60",240.9
"1","61",240.9
"1","62",240.9
"1","63",240.9
"1","64",240.9
"1","65",240.9
"1","66",240.9
"1","67",8.2
"1","68",225
"1","69",139.1
"1","70",139.1
"1","71",234
"1","72",142.1
"1","73",146.5
"1","74",4.7
"2","1",133.9
"2","2",133.9
"2","3",135
"2","4",135
"2","5",135
"2","6",148.1
"2","7",148.1
"2","8",148.1
"2","9",148.1
"2","10",148.1
"2","11",148.1
"2","12",148.1
"2","13",148.1
"2","14",147
"2","15",147
"2","16",147
"2","17",11.9
"2","18",11.9
"2","19",11.9
"2","20",5.3
"2","21",5.3
"2","22",8.3
"2","23",12.3
"2","24",12.3
"2","25",12.3
"2","26",12.3
"2","27",7
"2","28",12.3
"2","29",9.6
"2","30",9.6
"2","31",238
"2","32",1.4
"2","33",1.4
"2","34",9.7
"2","35",8.3
"2","36",148.2
"2","37",228.3
"2","38",148.3
"2","39",148.3
"2","40",241.9
"2","41",229.6
"2","42",3
"2","43",1.6
"2","44",240.2
"2","45",6.9
"2","46",13.1
"2","47",231.3
"2","48",2
"2","49",2
"2","50",2
"2","51",14.8
"2","52",14.8
"2","53",235.5
"2","54",244
"2","55",244
"2","56",244
"2","57",244
"2","58",244
"2","59",244
"2","60",244
"2","61",244
"2","62",244
"2","63",244
"2","64",244
"2","65",244
"2","66",244
"2","67",2.8
"2","68",228
"2","69",139.3
"2","70",139.3
"2","71",237
"2","72",142.2
"2","73",146.7
"2","74",5.4
"3","1",133.9
"3","2",133.9
"3","3",135
"3","4",135
"3","5",135
"3","6",148.1
"3","7",148.1
"3","8",148.1
"3","9",148.1
"3","10",148.1
"3","11",148.1
"3","12",148.1
"3","13",148.1
"3","14",147
"3","15",147
"3","16",147
"3","17",11.9
"3","18",11.9
"3","19",11.9
"3","20",5.3
"3","21",5.3
"3","22",8.3
"3","23",12.3
"3","24",12.3
"3","25",12.3
"3","26",12.3
"3","27",7
"3","28",12.3
"3","29",9.6
"3","30",9.6
"3","31",238
"3","32",1.4
"3","33",1.4
"3","34",9.7
"3","35",8.3
"3","36",148.2
"3","37",228.3
"3","38",148.3
"3","39",148.3
"3","40",241.9
"3","41",229.6
"3","42",3
"3","43",1.6
"3","44",240.2
"3","45",6.9
"3","46",13.1
"3","47",231.3
"3","48",2
"3","49",2
"3","50",2
"3","51",14.8
"3","52",14.8
"3","53",235.5
"3","54",244
"3","55",244
"3","56",244
"3","57",244
"3","58",244
"3","59",244
"3","60",244
"3","61",244
"3","62",244
"3","63",244
"3","64",244
"3","65",244
"3","66",244
"3","67",2.8
"3","68",228
"3","69",139.3
"3","70",139.3
"3","71",237
"3","72",142.2
"3","73",146.7
"3","74",5.4
"4","1",133.9
"4","2",133.9
"4","3",135
"4","4",135
"4","5",135
"4","6",148.1
"4","7",148.1
"4","8",148.1
"4","9",148.1
"4","10",148.1
"4","11",148.1
"4","12",148.1
"4","13",148.1
"4","14",147
"4","15",147
"4","16",147
"4","17",11.9
"4","18",11.9
"4","19",11.9
"4","20",5.3
"4","21",5.3
"4","22",8.3
"4","23",12.3
"4","24",12.3
"4","25",12.3
"4","26",12.3
"4","27",7
"4","28",12.3
"4","29",9.6
"4","30",9.6
"4","31",238
"4","32",1.4
"4","33",1.4
"4","34",9.7
"4","35",8.3
"4","36",148.2
"4","37",228.3
"4","38",148.3
"4","39",148.3
"4","40",241.9
"4","41",229.6
"4","42",3
"4","43",1.6
"4","44",240.2
"4","45",6.9
"4","46",13.1
"4","47",231.3
"4","48",2
"4","49",2
"4","50",2
"4","51",14.8
"4","52",14.8
"4","53",235.5
"4","54",244
"4","55",244
"4","56",244
"4","57",244
"4","58",244
"4","59",244
"4","60",244
"4","61",244
"4","62",244
"4","63",244
"4","64",244
"4","65",244
"4","66",244
"4","67",2.8
"4","68",228
"4","69",139.3
"4","70",139.3
"4","71",237
"4","72",142.2
"4","73",146.7
"4","74",5.4
"5","1",122.7
"5","2",122.7
"5","3",123.8
"5","4",123.8
"5","5",123.8
"5","6",136.9
"5","7",136.9
"5","8",136.9
"5","9",136.9
"5","10",136.9
"5","11",136.9
"5","12",136.9
"5","13",136.9
"5","14",135.8
"5","15",135.8
"5","16",135.8
"5","17",24.4
"5","18",24.4
"5","19",24.4
"5","20",16.5
"5","21",16.5
"5","22",21
"5","23",4
"5","24",4
"5","25",4
"5","26",4
"5","27",19.6
"5","28",25.2
"5","29",10.4
"5","30",10.4
"5","31",232.9
"5","32",14.9
"5","33",14.9
"5","34",8.6
"5","35",10.4
"5","36",137
"5","37",223.1
"5","38",137.1
"5","39",137.1
"5","40",236.7
"5","41",224.4
"5","42",17.6
"5","43",16.2
"5","44",235
"5","45",19.2
"5","46",17.1
"5","47",226.1
"5","48",16.6
"5","49",16.6
"5","50",16.6
"5","51",2.7
"5","52",2.7
"5","53",230.3
"5","54",238.8
"5","55",238.8
"5","56",238.8
"5","57",238.8
"5","58",238.8
"5","59",238.8
"5","60",238.8
"5","61",238.8
"5","62",238.8
"5","63",238.8
"5","64",238.8
"5","65",238.8
"5","66",238.8
"5","67",17.5
"5","68",222.8
"5","69",128.1
"5","70",128.1
"5","71",231.9
"5","72",131
"5","73",135.4
"5","74",13.1
"6","1",122.7
"6","2",122.7
"6","3",123.8
"6","4",123.8
"6","5",123.8
"6","6",136.9
"6","7",136.9
"6","8",136.9
"6","9",136.9
"6","10",136.9
"6","11",136.9
"6","12",136.9
"6","13",136.9
"6","14",135.8
"6","15",135.8
"6","16",135.8
"6","17",24.4
"6","18",24.4
"6","19",24.4
"6","20",16.5
"6","21",16.5
"6","22",21
"6","23",4
"6","24",4
"6","25",4
"6","26",4
"6","27",19.6
"6","28",25.2
"6","29",10.4
"6","30",10.4
"6","31",232.9
"6","32",14.9
"6","33",14.9
"6","34",8.6
"6","35",10.4
"6","36",137
"6","37",223.1
"6","38",137.1
"6","39",137.1
"6","40",236.7
"6","41",224.4
"6","42",17.6
"6","43",16.2
"6","44",235
"6","45",19.2
"6","46",17.1
"6","47",226.1
"6","48",16.6
"6","49",16.6
"6","50",16.6
"6","51",2.7
"6","52",2.7
"6","53",230.3
"6","54",238.8
"6","55",238.8
"6","56",238.8
"6","57",238.8
"6","58",238.8
"6","59",238.8
"6","60",238.8
"6","61",238.8
"6","62",238.8
"6","63",238.8
"6","64",238.8
"6","65",238.8
"6","66",238.8
"6","67",17.5
"6","68",222.8
"6","69",128.1
"6","70",128.1
"6","71",231.9
"6","72",131
"6","73",135.4
"6","74",13.1
"7","1",123
"7","2",123
"7","3",124.1
"7","4",124.1
"7","5",124.1
"7","6",137.2
"7","7",137.2
"7","8",137.2
"7","9",137.2
"7","10",137.2
"7","11",137.2
"7","12",137.2
"7","13",137.2
"7","14",136.1
"7","15",136.1
"7","16",136.1
"7","17",17.8
"7","18",17.8
"7","19",17.8
"7","20",14.6
"7","21",14.6
"7","22",14.3
"7","23",10.6
"7","24",10.6
"7","25",10.6
"7","26",10.6
"7","27",13
"7","28",18.5
"7","29",5.9
"7","30",5.9
"7","31",229.5
"7","32",10.7
"7","33",10.7
"7","34",15.2
"7","35",3.8
"7","36",137.3
"7","37",219.8
"7","38",137.4
"7","39",137.4
"7","40",233.4
"7","41",221.1
"7","42",12.2
"7","43",10.9
"7","44",231.7
"7","45",15.4
"7","46",13.1
"7","47",222.8
"7","48",11.2
"7","49",11.2
"7","50",11.2
"7","51",3.9
"7","52",3.9
"7","53",227
"7","54",235.5
"7","55",235.5
"7","56",235.5
"7","57",235.5
"7","58",235.5
"7","59",235.5
"7","60",235.5
"7","61",235.5
"7","62",235.5
"7","63",235.5
"7","64",235.5
"7","65",235.5
"7","66",235.5
"7","67",12.1
"7","68",219.5
"7","69",128.4
"7","70",128.4
"7","71",228.5
"7","72",131.3
"7","73",135.8
"7","74",6.4
"8","1",130
"8","2",130
"8","3",131
"8","4",131
"8","5",131
"8","6",144.1
"8","7",144.1
"8","8",144.1
"8","9",144.1
"8","10",144.1
"8","11",144.1
"8","12",144.1
"8","13",144.1
"8","14",143
"8","15",143
"8","16",143
"8","17",14.7
"8","18",14.7
"8","19",14.7
"8","20",9.9
"8","21",9.9
"8","22",11.3
"8","23",17.5
"8","24",17.5
"8","25",17.5
"8","26",17.5
"8","27",9.9
"8","28",15.5
"8","29",6.7
"8","30",6.7
"8","31",233.9
"8","32",6
"8","33",6
"8","34",14.3
"8","35",3.1
"8","36",144.2
"8","37",224.2
"8","38",144.4
"8","39",144.4
"8","40",237.8
"8","41",225.5
"8","42",7.5
"8","43",6.2
"8","44",236.1
"8","45",10.7
"8","46",11.7
"8","47",227.2
"8","48",6.5
"8","49",6.5
"8","50",6.5
"8","51",10.8
"8","52",10.8
"8","53",231.4
"8","54",239.9
"8","55",239.9
"8","56",239.9
"8","57",239.9
"8","58",239.9
"8","59",239.9
"8","60",239.9
"8","61",239.9
"8","62",239.9
"8","63",239.9
"8","64",239.9
"8","65",239.9
"8","66",239.9
"8","67",7.4
"8","68",223.9
"8","69",135.3
"8","70",135.3
"8","71",232.9
"8","72",138.2
"8","73",142.7
"8","74",3.2
"9","1",14.1
"9","2",14.1
"9","3",12.1
"9","4",12.1
"9","5",12.1
"9","6",5.8
"9","7",5.8
"9","8",5.8
"9","9",5.8
"9","10",5.8
"9","11",5.8
"9","12",5.8
"9","13",5.8
"9","14",8.4
"9","15",8.4
"9","16",8.4
"9","17",154.3
"9","18",154.3
"9","19",154.3
"9","20",148.2
"9","21",148.2
"9","22",150.9
"9","23",137
"9","24",137
"9","25",137
"9","26",137
"9","27",149.5
"9","28",155.1
"9","29",140.4
"9","30",140.4
"9","31",134.1
"9","32",146.6
"9","33",146.6
"9","34",140.2
"9","35",140.4
"9","36",9.5
"9","37",149.8
"9","38",10.6
"9","39",10.6
"9","40",137.9
"9","41",147.7
"9","42",148.8
"9","43",147.4
"9","44",136.2
"9","45",150.9
"9","46",147
"9","47",147
"9","48",147.8
"9","49",147.8
"9","50",147.8
"9","51",133.9
"9","52",133.9
"9","53",131.5
"9","54",140
"9","55",140
"9","56",140
"9","57",140
"9","58",140
"9","59",140
"9","60",140
"9","61",140
"9","62",140
"9","63",140
"9","64",140
"9","65",140
"9","66",140
"9","67",148.6
"9","68",149.9
"9","69",8.4
"9","70",8.4
"9","71",145.1
"9","72",7.1
"9","73",11.6
"9","74",143
"10","1",14.1
"10","2",14.1
"10","3",12.1
"10","4",12.1
"10","5",12.1
"10","6",5.8
"10","7",5.8
"10","8",5.8
"10","9",5.8
"10","10",5.8
"10","11",5.8
"10","12",5.8
"10","13",5.8
"10","14",8.4
"10","15",8.4
"10","16",8.4
"10","17",154.3
"10","18",154.3
"10","19",154.3
"10","20",148.2
"10","21",148.2
"10","22",150.9
"10","23",137
"10","24",137
"10","25",137
"10","26",137
"10","27",149.5
"10","28",155.1
"10","29",140.4
"10","30",140.4
"10","31",134.1
"10","32",146.6
"10","33",146.6
"10","34",140.2
"10","35",140.4
"10","36",9.5
"10","37",149.8
"10","38",10.6
"10","39",10.6
"10","40",137.9
"10","41",147.7
"10","42",148.8
"10","43",147.4
"10","44",136.2
"10","45",150.9
"10","46",147
"10","47",147
"10","48",147.8
"10","49",147.8
"10","50",147.8
"10","51",133.9
"10","52",133.9
"10","53",131.5
"10","54",140
"10","55",140
"10","56",140
"10","57",140
"10","58",140
"10","59",140
"10","60",140
"10","61",140
"10","62",140
"10","63",140
"10","64",140
"10","65",140
"10","66",140
"10","67",148.6
"10","68",149.9
"10","69",8.4
"10","70",8.4
"10","71",145.1
"10","72",7.1
"10","73",11.6
"10","74",143
"11","1",13.8
"11","2",13.8
"11","3",11.9
"11","4",11.9
"11","5",11.9
"11","6",5.5
"11","7",5.5
"11","8",5.5
"11","9",5.5
"11","10",5.5
"11","11",5.5
"11","12",5.5
"11","13",5.5
"11","14",8.2
"11","15",8.2
"11","16",8.2
"11","17",154.1
"11","18",154.1
"11","19",154.1
"11","20",147.9
"11","21",147.9
"11","22",150.6
"11","23",136.7
"11","24",136.7
"11","25",136.7
"11","26",136.7
"11","27",149.2
"11","28",154.8
"11","29",140.1
"11","30",140.1
"11","31",133.8
"11","32",146.3
"11","33",146.3
"11","34",140
"11","35",140.1
"11","36",9.2
"11","37",149.6
"11","38",10.4
"11","39",10.4
"11","40",137.7
"11","41",147.5
"11","42",148.5
"11","43",147.1
"11","44",136
"11","45",150.6
"11","46",146.7
"11","47",146.8
"11","48",147.5
"11","49",147.5
"11","50",147.5
"11","51",133.7
"11","52",133.7
"11","53",131.3
"11","54",139.7
"11","55",139.7
"11","56",139.7
"11","57",139.7
"11","58",139.7
"11","59",139.7
"11","60",139.7
"11","61",139.7
"11","62",139.7
"11","63",139.7
"11","64",139.7
"11","65",139.7
"11","66",139.7
"11","67",148.4
"11","68",149.6
"11","69",8.1
"11","70",8.1
"11","71",144.9
"11","72",6.8
"11","73",11.3
"11","74",142.7
"12","1",12.4
"12","2",12.4
"12","3",10.5
"12","4",10.5
"12","5",10.5
"12","6",5.1
"12","7",5.1
"12","8",5.1
"12","9",5.1
"12","10",5.1
"12","11",5.1
"12","12",5.1
"12","13",5.1
"12","14",7.8
"12","15",7.8
"12","16",7.8
"12","17",152.7
"12","18",152.7
"12","19",152.7
"12","20",146.5
"12","21",146.5
"12","22",149.2
"12","23",135.3
"12","24",135.3
"12","25",135.3
"12","26",135.3
"12","27",147.8
"12","28",153.4
"12","29",138.7
"12","30",138.7
"12","31",132.8
"12","32",144.9
"12","33",144.9
"12","34",138.6
"12","35",138.7
"12","36",8.8
"12","37",148.5
"12","38",10
"12","39",10
"12","40",136.6
"12","41",146.4
"12","42",147.1
"12","43",145.8
"12","44",134.9
"12","45",149.2
"12","46",145.3
"12","47",145.7
"12","48",146.1
"12","49",146.1
"12","50",146.1
"12","51",132.3
"12","52",132.3
"12","53",130.3
"12","54",138.7
"12","55",138.7
"12","56",138.7
"12","57",138.7
"12","58",138.7
"12","59",138.7
"12","60",138.7
"12","61",138.7
"12","62",138.7
"12","63",138.7
"12","64",138.7
"12","65",138.7
"12","66",138.7
"12","67",147
"12","68",148.6
"12","69",6.7
"12","70",6.7
"12","71",143.8
"12","72",5.5
"12","73",10.9
"12","74",141.3
"13","1",11.2
"13","2",11.2
"13","3",9.2
"13","4",9.2
"13","5",9.2
"13","6",4.7
"13","7",4.7
"13","8",4.7
"13","9",4.7
"13","10",4.7
"13","11",4.7
"13","12",4.7
"13","13",4.7
"13","14",7.7
"13","15",7.7
"13","16",7.7
"13","17",151.4
"13","18",151.4
"13","19",151.4
"13","20",145.3
"13","21",145.3
"13","22",148
"13","23",134.1
"13","24",134.1
"13","25",134.1
"13","26",134.1
"13","27",146.6
"13","28",152.2
"13","29",137.5
"13","30",137.5
"13","31",132
"13","32",143.7
"13","33",143.7
"13","34",137.3
"13","35",137.5
"13","36",8.7
"13","37",147.8
"13","38",8.8
"13","39",8.8
"13","40",135.9
"13","41",145.7
"13","42",145.9
"13","43",144.5
"13","44",134.2
"13","45",148
"13","46",144.1
"13","47",145
"13","48",144.9
"13","49",144.9
"13","50",144.9
"13","51",131
"13","52",131
"13","53",129.5
"13","54",138
"13","55",138
"13","56",138
"13","57",138
"13","58",138
"13","59",138
"13","60",138
"13","61",138
"13","62",138
"13","63",138
"13","64",138
"13","65",138
"13","66",138
"13","67",145.7
"13","68",147.8
"13","69",5.5
"13","70",5.5
"13","71",143.1
"13","72",4.2
"13","73",10.8
"13","74",140.1
"14","1",8.6
"14","2",8.6
"14","3",6.7
"14","4",6.7
"14","5",6.7
"14","6",7.4
"14","7",7.4
"14","8",7.4
"14","9",7.4
"14","10",7.4
"14","11",7.4
"14","12",7.4
"14","13",7.4
"14","14",10.4
"14","15",10.4
"14","16",10.4
"14","17",148.9
"14","18",148.9
"14","19",148.9
"14","20",142.7
"14","21",142.7
"14","22",145.4
"14","23",131.5
"14","24",131.5
"14","25",131.5
"14","26",131.5
"14","27",144.1
"14","28",149.6
"14","29",134.9
"14","30",134.9
"14","31",130.2
"14","32",141.1
"14","33",141.1
"14","34",134.8
"14","35",134.9
"14","36",11.5
"14","37",146
"14","38",7.7
"14","39",7.7
"14","40",134.1
"14","41",143.9
"14","42",143.3
"14","43",142
"14","44",132.4
"14","45",145.4
"14","46",141.5
"14","47",143.2
"14","48",142.3
"14","49",142.3
"14","50",142.3
"14","51",128.5
"14","52",128.5
"14","53",127.7
"14","54",136.2
"14","55",136.2
"14","56",136.2
"14","57",136.2
"14","58",136.2
"14","59",136.2
"14","60",136.2
"14","61",136.2
"14","62",136.2
"14","63",136.2
"14","64",136.2
"14","65",136.2
"14","66",136.2
"14","67",143.2
"14","68",146
"14","69",3
"14","70",3
"14","71",141.3
"14","72",1.7
"14","73",13.5
"14","74",137.5
"15","1",8.6
"15","2",8.6
"15","3",6.7
"15","4",6.7
"15","5",6.7
"15","6",7.4
"15","7",7.4
"15","8",7.4
"15","9",7.4
"15","10",7.4
"15","11",7.4
"15","12",7.4
"15","13",7.4
"15","14",10.4
"15","15",10.4
"15","16",10.4
"15","17",148.9
"15","18",148.9
"15","19",148.9
"15","20",142.7
"15","21",142.7
"15","22",145.4
"15","23",131.5
"15","24",131.5
"15","25",131.5
"15","26",131.5
"15","27",144.1
"15","28",149.6
"15","29",134.9
"15","30",134.9
"15","31",130.2
"15","32",141.1
"15","33",141.1
"15","34",134.8
"15","35",134.9
"15","36",11.5
"15","37",146
"15","38",7.7
"15","39",7.7
"15","40",134.1
"15","41",143.9
"15","42",143.3
"15","43",142
"15","44",132.4
"15","45",145.4
"15","46",141.5
"15","47",143.2
"15","48",142.3
"15","49",142.3
"15","50",142.3
"15","51",128.5
"15","52",128.5
"15","53",127.7
"15","54",136.2
"15","55",136.2
"15","56",136.2
"15","57",136.2
"15","58",136.2
"15","59",136.2
"15","60",136.2
"15","61",136.2
"15","62",136.2
"15","63",136.2
"15","64",136.2
"15","65",136.2
"15","66",136.2
"15","67",143.2
"15","68",146
"15","69",3
"15","70",3
"15","71",141.3
"15","72",1.7
"15","73",13.5
"15","74",137.5
"16","1",9.7
"16","2",9.7
"16","3",7.7
"16","4",7.7
"16","5",7.7
"16","6",5.4
"16","7",5.4
"16","8",5.4
"16","9",5.4
"16","10",5.4
"16","11",5.4
"16","12",5.4
"16","13",5.4
"16","14",8.3
"16","15",8.3
"16","16",8.3
"16","17",149.9
"16","18",149.9
"16","19",149.9
"16","20",143.7
"16","21",143.7
"16","22",146.5
"16","23",132.5
"16","24",132.5
"16","25",132.5
"16","26",132.5
"16","27",145.1
"16","28",150.7
"16","29",135.9
"16","30",135.9
"16","31",130.8
"16","32",142.1
"16","33",142.1
"16","34",135.8
"16","35",135.9
"16","36",9.4
"16","37",146.5
"16","38",8
"16","39",8
"16","40",134.6
"16","41",144.5
"16","42",144.4
"16","43",143
"16","44",133
"16","45",146.4
"16","46",142.6
"16","47",143.7
"16","48",143.4
"16","49",143.4
"16","50",143.4
"16","51",129.5
"16","52",129.5
"16","53",128.3
"16","54",136.7
"16","55",136.7
"16","56",136.7
"16","57",136.7
"16","58",136.7
"16","59",136.7
"16","60",136.7
"16","61",136.7
"16","62",136.7
"16","63",136.7
"16","64",136.7
"16","65",136.7
"16","66",136.7
"16","67",144.2
"16","68",146.6
"16","69",4
"16","70",4
"16","71",141.8
"16","72",2.7
"16","73",11.5
"16","74",138.6
"17","1",138
"17","2",138
"17","3",139.2
"17","4",139.2
"17","5",139.2
"17","6",137.5
"17","7",137.5
"17","8",137.5
"17","9",137.5
"17","10",137.5
"17","11",137.5
"17","12",137.5
"17","13",137.5
"17","14",143.1
"17","15",143.1
"17","16",143.1
"17","17",243
"17","18",243
"17","19",243
"17","20",242.9
"17","21",242.9
"17","22",239.7
"17","23",239.2
"17","24",239.2
"17","25",239.2
"17","26",239.2
"17","27",238.2
"17","28",243.8
"17","29",229.6
"17","30",229.6
"17","31",9.7
"17","32",239
"17","33",239
"17","34",242.4
"17","35",232.1
"17","36",141.5
"17","37",11.2
"17","38",134.8
"17","39",134.8
"17","40",5.8
"17","41",13.9
"17","42",240.5
"17","43",239.1
"17","44",7.4
"17","45",243.7
"17","46",232.3
"17","47",13
"17","48",239.5
"17","49",239.5
"17","50",239.5
"17","51",231.3
"17","52",231.3
"17","53",11.1
"17","54",5.5
"17","55",5.5
"17","56",5.5
"17","57",5.5
"17","58",5.5
"17","59",5.5
"17","60",5.5
"17","61",5.5
"17","62",5.5
"17","63",5.5
"17","64",5.5
"17","65",5.5
"17","66",5.5
"17","67",240.4
"17","68",11.5
"17","69",137.8
"17","70",137.8
"17","71",2.3
"17","72",138.7
"17","73",146.2
"17","74",234.3
"18","1",138
"18","2",138
"18","3",139.2
"18","4",139.2
"18","5",139.2
"18","6",137.5
"18","7",137.5
"18","8",137.5
"18","9",137.5
"18","10",137.5
"18","11",137.5
"18","12",137.5
"18","13",137.5
"18","14",143.1
"18","15",143.1
"18","16",143.1
"18","17",243
"18","18",243
"18","19",243
"18","20",242.9
"18","21",242.9
"18","22",239.7
"18","23",239.2
"18","24",239.2
"18","25",239.2
"18","26",239.2
"18","27",238.2
"18","28",243.8
"18","29",229.6
"18","30",229.6
"18","31",9.7
"18","32",239
"18","33",239
"18","34",242.4
"18","35",232.1
"18","36",141.5
"18","37",11.2
"18","38",134.8
"18","39",134.8
"18","40",5.8
"18","41",13.9
"18","42",240.5
"18","43",239.1
"18","44",7.4
"18","45",243.7
"18","46",232.3
"18","47",13
"18","48",239.5
"18","49",239.5
"18","50",239.5
"18","51",231.3
"18","52",231.3
"18","53",11.1
"18","54",5.5
"18","55",5.5
"18","56",5.5
"18","57",5.5
"18","58",5.5
"18","59",5.5
"18","60",5.5
"18","61",5.5
"18","62",5.5
"18","63",5.5
"18","64",5.5
"18","65",5.5
"18","66",5.5
"18","67",240.4
"18","68",11.5
"18","69",137.8
"18","70",137.8
"18","71",2.3
"18","72",138.7
"18","73",146.2
"18","74",234.3
"19","1",138
"19","2",138
"19","3",139.2
"19","4",139.2
"19","5",139.2
"19","6",137.5
"19","7",137.5
"19","8",137.5
"19","9",137.5
"19","10",137.5
"19","11",137.5
"19","12",137.5
"19","13",137.5
"19","14",143.1
"19","15",143.1
"19","16",143.1
"19","17",243
"19","18",243
"19","19",243
"19","20",242.9
"19","21",242.9
"19","22",239.7
"19","23",239.2
"19","24",239.2
"19","25",239.2
"19","26",239.2
"19","27",238.2
"19","28",243.8
"19","29",229.6
"19","30",229.6
"19","31",9.7
"19","32",239
"19","33",239
"19","34",242.4
"19","35",232.1
"19","36",141.5
"19","37",11.2
"19","38",134.8
"19","39",134.8
"19","40",5.8
"19","41",13.9
"19","42",240.5
"19","43",239.1
"19","44",7.4
"19","45",243.7
"19","46",232.3
"19","47",13
"19","48",239.5
"19","49",239.5
"19","50",239.5
"19","51",231.3
"19","52",231.3
"19","53",11.1
"19","54",5.5
"19","55",5.5
"19","56",5.5
"19","57",5.5
"19","58",5.5
"19","59",5.5
"19","60",5.5
"19","61",5.5
"19","62",5.5
"19","63",5.5
"19","64",5.5
"19","65",5.5
"19","66",5.5
"19","67",240.4
"19","68",11.5
"19","69",137.8
"19","70",137.8
"19","71",2.3
"19","72",138.7
"19","73",146.2
"19","74",234.3
"20","1",138
"20","2",138
"20","3",139.2
"20","4",139.2
"20","5",139.2
"20","6",137.5
"20","7",137.5
"20","8",137.5
"20","9",137.5
"20","10",137.5
"20","11",137.5
"20","12",137.5
"20","13",137.5
"20","14",143.1
"20","15",143.1
"20","16",143.1
"20","17",243
"20","18",243
"20","19",243
"20","20",242.9
"20","21",242.9
"20","22",239.7
"20","23",239.2
"20","24",239.2
"20","25",239.2
"20","26",239.2
"20","27",238.2
"20","28",243.8
"20","29",229.6
"20","30",229.6
"20","31",9.7
"20","32",239
"20","33",239
"20","34",242.4
"20","35",232.1
"20","36",141.5
"20","37",11.2
"20","38",134.8
"20","39",134.8
"20","40",5.8
"20","41",13.9
"20","42",240.5
"20","43",239.1
"20","44",7.4
"20","45",243.7
"20","46",232.3
"20","47",13
"20","48",239.5
"20","49",239.5
"20","50",239.5
"20","51",231.3
"20","52",231.3
"20","53",11.1
"20","54",5.5
"20","55",5.5
"20","56",5.5
"20","57",5.5
"20","58",5.5
"20","59",5.5
"20","60",5.5
"20","61",5.5
"20","62",5.5
"20","63",5.5
"20","64",5.5
"20","65",5.5
"20","66",5.5
"20","67",240.4
"20","68",11.5
"20","69",137.8
"20","70",137.8
"20","71",2.3
"20","72",138.7
"20","73",146.2
"20","74",234.3
"21","1",143.2
"21","2",143.2
"21","3",144.4
"21","4",144.4
"21","5",144.4
"21","6",142.7
"21","7",142.7
"21","8",142.7
"21","9",142.7
"21","10",142.7
"21","11",142.7
"21","12",142.7
"21","13",142.7
"21","14",148.3
"21","15",148.3
"21","16",148.3
"21","17",237.2
"21","18",237.2
"21","19",237.2
"21","20",237.1
"21","21",237.1
"21","22",233.9
"21","23",233.4
"21","24",233.4
"21","25",233.4
"21","26",233.4
"21","27",232.4
"21","28",238
"21","29",223.8
"21","30",223.8
"21","31",14.9
"21","32",233.2
"21","33",233.2
"21","34",236.6
"21","35",226.3
"21","36",146.7
"21","37",5.4
"21","38",140
"21","39",140
"21","40",11
"21","41",8.1
"21","42",234.7
"21","43",233.3
"21","44",12.6
"21","45",237.9
"21","46",226.5
"21","47",8.4
"21","48",233.7
"21","49",233.7
"21","50",233.7
"21","51",225.5
"21","52",225.5
"21","53",16.3
"21","54",10
"21","55",10
"21","56",10
"21","57",10
"21","58",10
"21","59",10
"21","60",10
"21","61",10
"21","62",10
"21","63",10
"21","64",10
"21","65",10
"21","66",10
"21","67",234.6
"21","68",5.7
"21","69",143
"21","70",143
"21","71",3.6
"21","72",143.9
"21","73",151.4
"21","74",228.5
"22","1",143.2
"22","2",143.2
"22","3",144.4
"22","4",144.4
"22","5",144.4
"22","6",142.7
"22","7",142.7
"22","8",142.7
"22","9",142.7
"22","10",142.7
"22","11",142.7
"22","12",142.7
"22","13",142.7
"22","14",148.3
"22","15",148.3
"22","16",148.3
"22","17",237.2
"22","18",237.2
"22","19",237.2
"22","20",237.1
"22","21",237.1
"22","22",233.9
"22","23",233.4
"22","24",233.4
"22","25",233.4
"22","26",233.4
"22","27",232.4
"22","28",238
"22","29",223.8
"22","30",223.8
"22","31",14.9
"22","32",233.2
"22","33",233.2
"22","34",236.6
"22","35",226.3
"22","36",146.7
"22","37",5.4
"22","38",140
"22","39",140
"22","40",11
"22","41",8.1
"22","42",234.7
"22","43",233.3
"22","44",12.6
"22","45",237.9
"22","46",226.5
"22","47",8.4
"22","48",233.7
"22","49",233.7
"22","50",233.7
"22","51",225.5
"22","52",225.5
"22","53",16.3
"22","54",10
"22","55",10
"22","56",10
"22","57",10
"22","58",10
"22","59",10
"22","60",10
"22","61",10
"22","62",10
"22","63",10
"22","64",10
"22","65",10
"22","66",10
"22","67",234.6
"22","68",5.7
"22","69",143
"22","70",143
"22","71",3.6
"22","72",143.9
"22","73",151.4
"22","74",228.5
"23","1",129
"23","2",129
"23","3",130.3
"23","4",130.3
"23","5",130.3
"23","6",128.5
"23","7",128.5
"23","8",128.5
"23","9",128.5
"23","10",128.5
"23","11",128.5
"23","12",128.5
"23","13",128.5
"23","14",134.1
"23","15",134.1
"23","16",134.1
"23","17",242.4
"23","18",242.4
"23","19",242.4
"23","20",242.2
"23","21",242.2
"23","22",239.1
"23","23",238.5
"23","24",238.5
"23","25",238.5
"23","26",238.5
"23","27",237.6
"23","28",243.2
"23","29",228.9
"23","30",228.9
"23","31",2.5
"23","32",238.3
"23","33",238.3
"23","34",241.8
"23","35",231.4
"23","36",132.5
"23","37",20.2
"23","38",125.9
"23","39",125.9
"23","40",3.6
"23","41",18.2
"23","42",239.9
"23","43",238.5
"23","44",3.4
"23","45",243
"23","46",235.1
"23","47",16.5
"23","48",238.9
"23","49",238.9
"23","50",238.9
"23","51",230.7
"23","52",230.7
"23","53",5.5
"23","54",6.9
"23","55",6.9
"23","56",6.9
"23","57",6.9
"23","58",6.9
"23","59",6.9
"23","60",6.9
"23","61",6.9
"23","62",6.9
"23","63",6.9
"23","64",6.9
"23","65",6.9
"23","66",6.9
"23","67",239.7
"23","68",20.3
"23","69",128.9
"23","70",128.9
"23","71",10.9
"23","72",129.7
"23","73",137.2
"23","74",233.6
"24","1",129
"24","2",129
"24","3",130.3
"24","4",130.3
"24","5",130.3
"24","6",128.5
"24","7",128.5
"24","8",128.5
"24","9",128.5
"24","10",128.5
"24","11",128.5
"24","12",128.5
"24","13",128.5
"24","14",134.1
"24","15",134.1
"24","16",134.1
"24","17",242.4
"24","18",242.4
"24","19",242.4
"24","20",242.2
"24","21",242.2
"24","22",239.1
"24","23",238.5
"24","24",238.5
"24","25",238.5
"24","26",238.5
"24","27",237.6
"24","28",243.2
"24","29",228.9
"24","30",228.9
"24","31",2.5
"24","32",238.3
"24","33",238.3
"24","34",241.8
"24","35",231.4
"24","36",132.5
"24","37",20.2
"24","38",125.9
"24","39",125.9
"24","40",3.6
"24","41",18.2
"24","42",239.9
"24","43",238.5
"24","44",3.4
"24","45",243
"24","46",235.1
"24","47",16.5
"24","48",238.9
"24","49",238.9
"24","50",238.9
"24","51",230.7
"24","52",230.7
"24","53",5.5
"24","54",6.9
"24","55",6.9
"24","56",6.9
"24","57",6.9
"24","58",6.9
"24","59",6.9
"24","60",6.9
"24","61",6.9
"24","62",6.9
"24","63",6.9
"24","64",6.9
"24","65",6.9
"24","66",6.9
"24","67",239.7
"24","68",20.3
"24","69",128.9
"24","70",128.9
"24","71",10.9
"24","72",129.7
"24","73",137.2
"24","74",233.6
